id,date,umpire,home,away,home_team_runs,away_team_runs,pitches_called,incorrect_calls,correct_calls,accuracy,consistency,favor_home,total_run_impact
1,2022-11-05,53,11,21,4,1,124,4,120,96.8,97.6,0.09,0.75
2,2022-11-03,51,21,11,2,3,149,6,143,96,97.3,-0.12,0.58
3,2022-11-02,90,21,11,0,5,124,7,117,94.4,92.7,-0.1,0.56
4,2022-11-01,29,21,11,7,0,140,5,135,96.4,92.9,0.63,0.73
5,2022-10-29,71,11,21,5,2,129,0,129,100,96.1,0,0
6,2022-10-28,39,11,21,5,6,173,10,163,94.2,91.9,0.13,0.85
7,2022-10-23,74,21,23,4,3,132,4,128,97,95.5,0.09,0.49
8,2022-10-23,3,19,11,5,6,164,8,156,95.1,90.9,1.02,1.38
9,2022-10-22,7,19,11,0,5,158,9,149,94.3,96.2,0.55,1.27
10,2022-10-22,2,21,23,10,6,144,8,136,94.4,96.5,0.43,0.79
11,2022-10-21,87,21,23,4,2,144,6,138,95.8,92.4,-0.07,0.45
12,2022-10-20,27,11,19,3,2,126,6,120,95.2,93.7,-0.13,0.67
13,2022-10-19,54,23,21,8,5,160,6,154,96.2,91.9,0.05,0.85
14,2022-10-19,66,11,19,4,2,149,9,140,94,93.3,0.43,1.49
15,2022-10-18,4,19,7,5,1,132,6,126,95.5,95.5,0.24,0.56
16,2022-10-18,14,23,21,0,2,118,4,114,96.6,94.9,0.13,0.25
17,2022-10-16,92,7,19,2,4,130,5,125,96.2,96.2,-0.21,0.47
18,2022-10-15,86,21,2,8,3,129,8,121,93.8,92.2,0.65,1.17
19,2022-10-15,64,24,11,0,1,219,16,203,92.7,92.2,-0.68,1.72
20,2022-10-15,29,7,19,6,5,149,9,140,94,96.6,-0.92,1.26
21,2022-10-15,50,23,14,5,3,158,11,147,93,94.9,1.14,1.8
22,2022-10-14,42,19,7,2,4,197,13,184,93.4,91.9,-0.11,1.97
23,2022-10-14,11,21,2,9,1,128,10,118,92.2,89.8,0.47,0.93
24,2022-10-14,60,23,14,2,1,178,8,170,95.5,95.5,0.82,1.72
25,2022-10-13,40,11,24,4,2,141,7,134,95,96.5,0.35,0.81
26,2022-10-12,69,2,21,3,0,112,7,105,93.8,95.5,0.14,0.88
27,2022-10-12,24,14,23,3,5,160,11,149,93.1,91.9,0.58,1.58
28,2022-10-11,32,2,21,6,7,164,4,160,97.6,96.3,-0.4,0.78
29,2022-10-11,71,11,24,8,7,146,6,140,95.9,94.5,0.39,0.79
30,2022-10-11,51,19,7,4,1,121,7,114,94.2,93.4,-0.5,1.16
31,2022-10-11,90,14,23,5,3,138,10,128,92.8,94.2,0.24,0.92
32,2022-10-09,22,18,23,0,6,132,5,127,96.2,94.7,0.48,0.6
33,2022-10-08,2,7,27,1,0,204,7,197,96.6,95.6,0,0.9
34,2022-10-08,88,29,24,9,10,169,9,160,94.7,95.3,-0.33,1.61
35,2022-10-08,23,18,23,7,3,205,8,197,96.1,93.7,1.4,1.84
36,2022-10-08,91,26,21,0,2,143,4,139,97.2,95.8,0.21,0.67
37,2022-10-07,33,7,27,2,1,108,12,96,88.9,88,0.01,0.79
38,2022-10-07,27,26,21,3,6,179,13,166,92.7,91.6,0.14,2.22
39,2022-10-07,54,29,24,0,4,113,11,102,90.3,92,0.54,1.08
40,2022-10-07,3,18,23,1,7,139,7,132,95,97.1,-0.26,0.72
41,2022-10-05,11,3,29,5,4,140,9,131,93.6,93.6,-0.98,1.72
42,2022-10-05,14,3,29,1,5,151,6,145,96,92.7,0.22,0.9
43,2022-10-05,1,20,13,3,2,122,5,117,95.9,96.7,0.33,0.43
44,2022-10-05,40,22,26,5,3,135,10,125,92.6,93.3,1.15,1.87
45,2022-10-05,57,28,19,4,2,131,9,122,93.1,93.1,0.18,0.82
46,2022-10-05,82,6,5,2,15,187,6,181,96.8,94.7,-1.17,1.17
47,2022-10-05,30,7,12,9,2,122,4,118,96.7,95.1,0.02,0.3
48,2022-10-05,39,18,30,9,2,138,13,125,90.6,89.9,-0.73,1.17
49,2022-10-05,29,24,10,5,4,134,9,125,93.3,93.3,-0.37,1.35
50,2022-10-05,62,23,25,1,8,148,10,138,93.2,92.6,0.05,1.43
51,2022-10-05,90,4,27,6,3,176,12,164,93.2,90.9,0.72,2.42
52,2022-10-05,61,11,21,3,2,146,9,137,93.8,92.5,0.13,1.15
53,2022-10-05,75,9,17,1,10,156,8,148,94.9,95.5,-0.14,0.7
54,2022-10-05,60,15,2,12,9,177,16,161,91,93.2,0.03,1.95
55,2022-10-05,26,16,1,2,4,129,9,120,93,96.9,0.5,0.98
56,2022-10-05,41,14,8,6,1,126,10,116,92.1,96,0.65,1.31
57,2022-10-04,37,28,19,4,5,129,10,119,92.2,94.6,-0.53,0.91
58,2022-10-04,24,28,19,3,2,145,10,135,93.1,90.3,-1.03,2.03
59,2022-10-04,27,18,30,4,2,134,11,123,91.8,95.5,0.36,1.1
60,2022-10-04,9,18,30,8,0,162,8,154,95.1,90.7,0.7,0.98
61,2022-10-04,69,7,12,5,3,127,6,121,95.3,92.9,-0.05,0.37
62,2022-10-04,23,24,10,7,6,166,6,160,96.4,96.4,0.12,0.7
63,2022-10-04,10,24,10,9,6,162,17,145,89.5,96.3,-0.28,2.44
64,2022-10-04,13,22,26,7,8,189,15,174,92.1,94.2,-0.42,2.54
65,2022-10-04,73,6,5,3,2,146,8,138,94.5,97.3,1.03,1.29
66,2022-10-04,51,15,2,1,2,167,10,157,94,96.4,0.23,1.39
67,2022-10-04,19,4,27,6,0,96,6,90,93.8,95.8,0.02,0.46
68,2022-10-04,66,16,1,3,0,152,6,146,96.1,92.8,0.03,0.97
69,2022-10-04,28,11,21,10,0,138,9,129,93.5,94.2,0.94,1.28
70,2022-10-04,7,9,17,8,3,121,11,110,90.9,95.9,1.05,2.17
71,2022-10-04,53,20,13,2,1,125,9,116,92.8,92,-0.38,0.84
72,2022-10-04,74,23,25,6,2,125,7,118,94.4,92,0.62,0.9
73,2022-10-04,18,14,8,2,5,135,11,124,91.9,91.9,0.11,0.95
74,2022-10-03,87,7,12,2,5,154,9,145,94.2,97.4,-0.99,1.19
75,2022-10-03,45,22,26,3,2,156,10,146,93.6,94.2,0.14,0.94
76,2022-10-03,6,6,5,3,1,127,4,123,96.9,93.7,-0.26,0.86
77,2022-10-03,59,15,2,4,0,140,12,128,91.4,84.3,-0.07,1.37
78,2022-10-03,33,3,29,1,5,115,15,100,87,90.4,-0.14,1.4
79,2022-10-03,8,28,19,1,3,131,9,122,93.1,93.1,0.31,0.85
80,2022-10-03,56,4,27,4,3,136,14,122,89.7,89.7,-0.63,1.61
81,2022-10-03,88,16,1,6,5,165,7,158,95.8,97,0.02,0.46
82,2022-10-03,55,11,21,0,3,145,6,139,95.9,94.5,0.39,0.39
83,2022-10-03,54,9,17,3,2,117,1,116,99.1,97.4,0.05,0.05
84,2022-10-03,92,20,13,5,4,156,8,148,94.9,94.9,0.08,1.22
85,2022-10-03,83,24,10,3,4,142,8,134,94.4,98.6,-0.58,1.38
86,2022-10-03,4,23,25,7,4,173,11,162,93.6,93.6,-0.63,2.39
87,2022-10-03,58,14,8,1,2,141,10,131,92.9,92.2,-0.33,0.69
88,2022-10-02,85,10,17,5,2,158,12,146,92.4,93,0.07,1.59
89,2022-10-02,50,30,21,1,8,116,10,106,91.4,88.8,-0.28,1.74
90,2022-10-02,80,19,3,1,3,192,12,180,93.8,92.7,0.4,2.42
91,2022-10-02,36,29,4,6,3,139,11,128,92.1,94.2,-0.66,1.44
92,2022-10-02,82,7,12,7,5,170,9,161,94.7,94.1,0.43,1.09
93,2022-10-02,47,11,27,3,1,137,4,133,97.1,93.4,0.58,0.8
94,2022-10-02,20,16,15,3,4,196,9,187,95.4,96.4,0.35,1.13
95,2022-10-02,76,26,22,5,7,178,10,168,94.4,91,0.59,1.29
96,2022-10-02,91,5,6,8,1,165,10,155,93.9,97,-0.32,1.56
97,2022-10-02,86,25,1,4,3,172,4,168,97.7,95.9,-0.29,0.29
98,2022-10-02,29,13,28,8,3,147,10,137,93.2,93.2,-0.52,1.46
99,2022-10-02,70,14,8,1,4,128,10,118,92.2,92.2,-0.24,1.22
100,2022-10-02,32,24,20,3,10,151,12,139,92.1,88.1,-1.14,1.68
101,2022-10-02,77,23,9,1,2,153,10,143,93.5,95.4,0.55,0.85
102,2022-10-02,65,2,18,5,3,155,7,148,95.5,93.5,0.1,0.88
103,2022-10-01,3,30,21,13,4,155,10,145,93.5,90.3,-0.48,1.52
104,2022-10-01,81,30,21,2,8,152,11,141,92.8,94.7,0.38,0.96
105,2022-10-01,60,19,3,8,0,115,2,113,98.3,100,-0.03,0.19
106,2022-10-01,40,5,6,2,1,145,10,135,93.1,96.6,-0.59,1.35
107,2022-10-01,71,29,4,10,0,153,11,142,92.8,94.1,0.02,1.44
108,2022-10-01,41,25,1,4,8,160,11,149,93.1,93.1,-0.58,2.04
109,2022-10-01,84,24,20,5,1,138,12,126,91.3,90.6,0.07,2.31
110,2022-10-01,90,7,12,1,7,163,9,154,94.5,96.3,-0.43,0.77
111,2022-10-01,21,10,17,3,2,138,12,126,91.3,96.4,-0.13,1.33
112,2022-10-01,38,16,15,3,4,161,12,149,92.5,91.3,0.29,1.41
113,2022-10-01,42,26,22,13,3,162,5,157,96.9,94.4,-0.26,0.64
114,2022-10-01,39,11,27,2,1,128,5,123,96.1,96.9,0.13,0.71
115,2022-10-01,16,2,18,4,2,120,3,117,97.5,99.2,0.02,0.18
116,2022-10-01,1,23,9,5,2,144,10,134,93.1,91.7,-2.37,2.87
117,2022-10-01,10,13,28,3,2,97,3,94,96.9,97.9,-0.29,0.29
118,2022-10-01,62,14,8,6,4,168,3,165,98.2,96.4,0.51,0.67
119,2022-09-30,64,30,21,1,5,180,13,167,92.8,93.3,-0.83,1.27
120,2022-09-30,13,5,6,6,1,132,14,118,89.4,89.4,-0.69,1.21
121,2022-09-30,51,19,3,1,2,168,15,153,91.1,93.5,0.05,1.47
122,2022-09-30,8,29,4,9,0,139,7,132,95,94.2,-0.31,0.91
123,2022-09-30,19,7,12,6,3,116,10,106,91.4,94,0.2,1.02
124,2022-09-30,49,10,17,0,7,140,4,136,97.1,95.7,-0.28,0.5
125,2022-09-30,69,2,18,5,2,117,6,111,94.9,94,-0.06,0.58
126,2022-09-30,9,11,27,3,7,124,5,119,96,94.4,0.39,1.23
127,2022-09-30,2,16,15,1,0,111,2,109,98.2,93.7,0.91,0.91
128,2022-09-30,22,26,22,2,1,152,8,144,94.7,94.7,-0.18,0.9
129,2022-09-30,31,13,28,4,1,129,11,118,91.5,92.2,0.33,1.01
130,2022-09-30,55,24,20,2,1,137,13,124,90.5,92,0.35,1.53
131,2022-09-30,53,23,9,1,3,150,9,141,94,92.7,0.12,0.96
132,2022-09-30,74,14,8,10,1,140,8,132,94.3,95,-0.82,1.2
133,2022-09-30,18,25,1,10,4,161,9,152,94.4,95.7,-0.16,0.88
134,2022-09-29,25,10,12,10,3,133,5,128,96.2,94.7,-0.16,0.38
135,2022-09-29,45,17,9,3,4,148,8,140,94.6,95.9,-0.35,0.91
136,2022-09-29,66,4,3,5,3,156,14,142,91,93.6,0.65,1.29
137,2022-09-29,87,5,21,2,0,152,14,138,90.8,93.4,-0.98,2.06
138,2022-09-29,30,7,27,2,1,131,6,125,95.4,93.9,0.56,1.12
139,2022-09-29,89,16,15,2,4,143,6,137,95.8,94.4,-0.11,0.65
140,2022-09-29,58,13,20,4,2,130,9,121,93.1,92.3,1.24,1.82
141,2022-09-29,35,23,14,2,5,167,11,156,93.4,94.6,-1.02,2.12
142,2022-09-29,92,24,28,10,9,194,11,183,94.3,92.8,0.07,1.49
143,2022-09-29,83,25,8,6,4,139,5,134,96.4,96.4,-0.01,0.41
144,2022-09-28,5,22,6,4,3,130,5,125,96.2,94.6,0.36,0.74
145,2022-09-28,80,7,27,2,1,156,3,153,98.1,99.4,0.11,0.27
146,2022-09-28,16,10,12,2,1,149,8,141,94.6,93.3,-0.62,1.02
147,2022-09-28,20,30,2,3,2,148,8,140,94.6,94.6,-0.21,1.21
148,2022-09-28,15,29,19,3,8,155,5,150,96.8,95.5,-0.15,0.53
149,2022-09-28,85,4,3,3,1,136,8,128,94.1,94.1,0.39,0.83
150,2022-09-28,50,18,15,5,4,189,20,169,89.4,90.5,0.91,2.61
151,2022-09-28,65,5,21,4,2,122,7,115,94.3,91,-0.94,1.26
152,2022-09-28,91,17,9,8,4,145,18,127,87.6,89.7,-0.42,2.96
153,2022-09-28,27,16,26,5,1,168,11,157,93.5,93.5,-0.54,2.16
154,2022-09-28,4,11,1,2,5,137,10,127,92.7,89.8,0.06,1.2
155,2022-09-28,86,13,20,4,1,146,17,129,88.4,91.8,-0.19,2.75
156,2022-09-28,32,23,14,0,1,169,10,159,94.1,94.1,0.37,1.47
157,2022-09-28,77,24,28,3,1,121,13,108,89.3,91.7,-0.48,1.52
158,2022-09-28,29,25,8,6,3,170,19,151,88.8,91.8,1.31,3.83
159,2022-09-27,60,7,27,5,6,192,11,181,94.3,92.2,0.38,1.46
160,2022-09-27,36,22,6,4,1,154,10,144,93.5,94.2,-0.16,1.32
161,2022-09-27,42,10,12,4,3,143,7,136,95.1,90.9,-0.34,1.02
162,2022-09-27,38,30,2,2,8,138,8,130,94.2,92.8,0.32,0.84
163,2022-09-27,82,29,19,2,5,151,7,144,95.4,94.7,0.89,1.45
164,2022-09-27,37,4,3,13,9,210,13,197,93.8,90.5,-0.64,1.78
165,2022-09-27,81,18,15,4,6,177,15,162,91.5,89.8,2.72,3.16
166,2022-09-27,69,5,21,2,1,103,9,94,91.3,93.2,-0.04,0.6
167,2022-09-27,40,17,9,4,0,120,6,114,95,95.8,0.02,0.58
168,2022-09-27,47,16,26,2,6,180,13,167,92.8,92.2,0.79,1.61
169,2022-09-27,70,11,1,10,2,176,12,164,93.2,90.9,0.01,1.23
170,2022-09-27,41,13,20,4,3,133,12,121,91,93.2,-0.59,1.29
171,2022-09-27,84,23,14,4,3,195,11,184,94.4,91.3,-0.31,1.21
172,2022-09-27,1,24,28,0,5,173,11,162,93.6,94.8,0.07,2.03
173,2022-09-27,10,25,8,5,2,141,7,134,95,93.6,-0.37,1.19
174,2022-09-26,71,22,6,8,3,162,3,159,98.1,95.1,-0.15,0.37
175,2022-09-26,2,30,2,0,8,134,9,125,93.3,92.5,-0.13,0.95
176,2022-09-26,56,29,19,3,2,149,5,144,96.6,94.6,0.31,0.83
177,2022-09-26,49,4,3,8,14,187,7,180,96.3,95.2,0.45,0.89
178,2022-09-25,30,3,11,3,6,178,12,166,93.3,91,-0.37,1.83
179,2022-09-25,24,21,2,7,8,172,9,163,94.8,94.8,-0.02,0.78
180,2022-09-25,61,27,29,1,7,153,9,144,94.1,92.8,0.37,1.43
181,2022-09-25,19,22,5,3,8,163,8,155,95.1,92,0.51,1.09
182,2022-09-25,11,15,30,1,6,145,8,137,94.5,94.5,0.76,0.76
183,2022-09-25,23,6,16,2,1,151,12,139,92.1,94,-0.65,1.53
184,2022-09-25,3,12,24,13,12,197,11,186,94.4,94.9,-0.65,1.21
185,2022-09-25,28,17,13,3,10,159,4,155,97.5,96.9,0.51,0.65
186,2022-09-25,18,9,10,1,4,142,6,136,95.8,97.9,0.51,0.81
187,2022-09-25,72,28,7,4,10,147,6,141,95.9,95.9,0.1,0.7
188,2022-09-25,90,8,23,6,13,181,15,166,91.7,91.2,-0.17,1.47
189,2022-09-25,13,1,25,2,3,166,14,152,91.6,95.8,-0.29,1.25
190,2022-09-25,39,20,18,4,13,162,12,150,92.6,92.6,-0.68,1.28
191,2022-09-25,53,14,26,4,1,133,13,120,90.2,88.7,0.09,1.89
192,2022-09-25,22,19,4,2,0,109,12,97,89,90.8,-0.52,1.38
193,2022-09-24,25,19,4,7,5,175,10,165,94.3,94.9,0.63,1.13
194,2022-09-24,35,21,2,3,6,162,9,153,94.4,94.4,0.41,1.09
195,2022-09-24,9,20,18,10,4,142,10,132,93,90.8,0.21,1.23
196,2022-09-24,26,27,29,1,3,139,10,129,92.8,92.8,-0.76,1.24
197,2022-09-24,78,15,30,4,1,114,6,108,94.7,96.5,0.11,0.39
198,2022-09-24,15,22,5,6,0,127,7,120,94.5,93.7,-0.15,0.85
199,2022-09-24,51,6,16,2,10,153,8,145,94.8,93.5,-0.33,0.71
200,2022-09-24,75,3,11,10,11,173,9,164,94.8,93.1,0.49,1.53
201,2022-09-24,36,28,7,2,4,116,6,110,94.8,93.1,-0.13,0.77
202,2022-09-24,64,12,24,5,6,175,6,169,96.6,96.6,-0.26,1.04
203,2022-09-24,20,17,13,8,4,153,5,148,96.7,94.8,-0.21,1.25
204,2022-09-24,58,9,10,2,7,131,9,122,93.1,93.1,-0.25,1.07
205,2022-09-24,85,8,23,3,9,156,11,145,92.9,92.9,0.47,0.93
206,2022-09-24,45,1,25,5,2,124,9,115,92.7,92.7,0.06,1.54
207,2022-09-24,87,14,26,6,2,139,9,130,93.5,93.5,-0.34,0.9
208,2022-09-23,82,22,5,5,6,199,12,187,94,93,-0.5,2.26
209,2022-09-23,68,15,30,5,2,125,7,118,94.4,89.6,-0.56,0.88
210,2022-09-23,80,6,16,3,5,175,10,165,94.3,92,-0.7,1.46
211,2022-09-23,7,3,11,6,0,121,8,113,93.4,93.4,0.37,0.89
212,2022-09-23,37,21,2,9,1,163,9,154,94.5,93.3,-0.76,1.02
213,2022-09-23,14,19,4,5,4,160,14,146,91.2,91.2,1.32,2.38
214,2022-09-23,89,27,29,10,6,166,12,154,92.8,92.2,-0.15,1.37
215,2022-09-23,71,28,7,3,6,157,8,149,94.9,93.6,-0.22,0.98
216,2022-09-23,88,8,23,4,3,167,16,151,90.4,93.4,-0.3,2.06
217,2022-09-23,50,12,24,5,1,132,6,126,95.5,95.5,-0.11,0.71
218,2022-09-23,38,17,13,2,4,153,10,143,93.5,91.5,0.45,2.51
219,2022-09-23,59,9,10,3,5,141,10,131,92.9,95.7,0.15,0.97
220,2022-09-23,27,20,18,2,9,126,7,119,94.4,95.2,0.16,0.86
221,2022-09-23,91,1,25,5,6,185,9,176,95.1,93.5,0.5,1.04
222,2022-09-23,65,14,26,0,11,154,13,141,91.6,94.2,-1.13,1.91
223,2022-09-22,33,28,13,5,3,143,9,134,93.7,91.6,0.23,0.67
224,2022-09-22,86,12,17,4,1,143,12,131,91.6,90.2,-0.87,1.11
225,2022-09-22,69,8,25,0,3,144,5,139,96.5,93.8,0,0.68
226,2022-09-22,16,20,24,5,9,153,12,141,92.2,93.5,0.27,2.13
227,2022-09-22,40,23,26,4,5,160,5,155,96.9,93.8,-0.06,0.56
228,2022-09-22,56,22,5,2,3,155,7,148,95.5,93.5,0.13,0.83
229,2022-09-22,73,27,29,10,5,172,7,165,95.9,94.8,-0.05,0.77
230,2022-09-22,60,6,16,1,5,152,8,144,94.7,96.7,-0.07,0.67
231,2022-09-22,54,3,11,2,0,97,14,83,85.6,92.8,-0.08,1.14
232,2022-09-22,8,21,2,1,0,137,13,124,90.5,91.2,-0.1,1.84
233,2022-09-22,17,19,4,5,4,169,10,159,94.1,95.3,-0.42,1.22
234,2022-09-22,66,9,7,2,4,110,8,102,92.7,95.5,0.4,0.68
235,2022-09-22,47,14,1,3,2,129,12,117,90.7,94.6,0.08,1.32
236,2022-09-21,70,2,30,2,3,157,4,153,97.5,95.5,-0.11,0.21
237,2022-09-21,30,16,18,6,0,148,4,144,97.3,98.6,-0.04,0.36
238,2022-09-21,61,6,4,5,1,132,3,129,97.7,93.9,-0.08,0.2
239,2022-09-21,19,27,11,2,5,128,12,116,90.6,95.3,-0.08,0.88
240,2022-09-21,22,15,5,3,4,161,6,155,96.3,92.5,0.35,0.45
241,2022-09-21,23,21,29,4,3,180,13,167,92.8,95,0.96,1.82
242,2022-09-21,24,3,10,8,1,130,9,121,93.1,91.5,0.12,1.02
243,2022-09-21,2,19,22,14,2,161,5,156,96.9,96.3,0.45,0.55
244,2022-09-21,11,28,13,7,2,137,12,125,91.2,94.9,0.32,1.44
245,2022-09-21,18,12,17,5,2,144,10,134,93.1,91,-0.83,1.47
246,2022-09-21,90,9,7,2,8,136,3,133,97.8,97.8,0.11,0.35
247,2022-09-21,53,8,25,1,6,131,8,123,93.9,95.4,-0.89,0.95
248,2022-09-21,72,20,24,2,1,125,10,115,92,92,-0.36,0.92
249,2022-09-21,13,23,26,1,0,146,10,136,93.2,94.5,0.04,1.66
250,2022-09-21,39,14,1,1,6,134,7,127,94.8,94,0.27,0.77
251,2022-09-20,27,14,1,6,5,174,9,165,94.8,92.5,-0.25,1.79
252,2022-09-20,9,14,1,2,5,117,7,110,94,90.6,-0.29,0.67
253,2022-09-20,26,6,4,3,5,171,11,160,93.6,93.6,-0.14,2.18
254,2022-09-20,15,27,11,0,5,154,7,147,95.5,96.8,-0.39,1.63
255,2022-09-20,25,15,5,1,2,137,8,129,94.2,89.8,0.43,0.99
256,2022-09-20,51,21,29,11,18,159,12,147,92.5,96.2,-0.39,3.27
257,2022-09-20,35,3,10,2,3,128,4,124,96.9,98.4,0.27,0.77
258,2022-09-20,28,19,22,9,8,183,10,173,94.5,94.5,-0.25,2.33
259,2022-09-20,81,2,30,3,2,141,9,132,93.6,95,0.5,0.8
260,2022-09-20,75,16,18,5,7,168,6,162,96.4,93.5,0.21,0.57
261,2022-09-20,78,28,13,2,5,148,3,145,98,97.3,-0.27,0.43
262,2022-09-20,58,12,17,5,4,135,10,125,92.6,96.3,0.2,1.28
263,2022-09-20,85,9,7,7,10,181,10,171,94.5,92.8,-0.13,1.37
264,2022-09-20,87,8,25,3,6,155,21,134,86.5,92.3,0.18,2.88
265,2022-09-20,36,20,24,4,1,147,12,135,91.8,95.9,1.09,2.73
266,2022-09-20,45,23,26,5,0,148,18,130,87.8,87.8,-0.63,2.05
267,2022-09-19,68,7,17,11,4,155,12,143,92.3,91.6,0.48,1.86
268,2022-09-19,91,13,24,1,9,167,13,154,92.2,93.4,-0.58,1.32
269,2022-09-19,82,27,11,0,4,136,6,130,95.6,94.1,-0.14,0.7
270,2022-09-19,14,15,5,10,3,169,6,163,96.4,94.7,0.34,0.8
271,2022-09-19,3,3,10,0,11,147,5,142,96.6,95.9,0.1,0.54
272,2022-09-19,64,2,30,5,2,130,5,125,96.2,97.7,0.99,0.99
273,2022-09-19,7,16,18,2,7,141,7,134,95,94.3,0.31,0.79
274,2022-09-19,65,8,25,7,10,173,19,154,89,90.2,1.87,2.89
275,2022-09-19,1,14,1,5,2,124,8,116,93.5,92.7,-0.42,1.04
276,2022-09-18,6,10,9,5,11,152,7,145,95.4,95.4,-0.34,0.88
277,2022-09-18,59,27,28,5,3,139,9,130,93.5,93.5,-0.1,0.86
278,2022-09-18,54,4,12,13,3,168,7,161,95.8,94,0.39,0.65
279,2022-09-18,17,2,21,5,2,143,6,137,95.8,93.7,-0.41,0.85
280,2022-09-18,52,30,15,1,3,121,9,112,92.6,95.9,0.28,0.8
281,2022-09-18,62,29,3,4,5,157,6,151,96.2,94.9,0.51,0.97
282,2022-09-18,73,18,22,7,3,170,13,157,92.4,91.8,-0.52,1.7
283,2022-09-18,88,7,17,0,3,108,7,101,93.5,96.3,-0.8,1.18
284,2022-09-18,67,11,20,11,2,140,10,130,92.9,92.9,-0.33,1.67
285,2022-09-18,37,16,19,8,12,180,14,166,92.2,95.6,0.83,1.81
286,2022-09-18,56,26,6,0,3,130,12,118,90.8,94.6,0.06,1.36
287,2022-09-18,71,5,8,3,4,149,11,138,92.6,94,0.24,1.84
288,2022-09-18,40,13,24,5,1,145,6,139,95.9,95.9,0.19,0.57
289,2022-09-18,5,1,23,1,6,143,12,131,91.6,97.2,0.75,1.83
290,2022-09-18,66,25,14,3,4,186,11,175,94.1,93,-0.27,1.97
291,2022-09-17,92,7,17,5,1,112,10,102,91.1,90.2,-0.47,1.01
292,2022-09-17,77,7,17,7,6,214,13,201,93.9,93.9,0.2,1.82
293,2022-09-17,15,26,6,5,1,143,12,131,91.6,95.1,-0.23,1.75
294,2022-09-17,19,26,6,1,0,155,15,140,90.3,89.7,0.01,1.87
295,2022-09-17,16,5,8,1,3,137,7,130,94.9,91.2,-0.33,0.79
296,2022-09-17,74,29,3,6,3,148,9,139,93.9,92.6,-0.88,1.18
297,2022-09-17,83,30,15,5,3,150,11,139,92.7,90.7,-0.33,1.03
298,2022-09-17,30,4,12,0,9,140,11,129,92.1,92.1,-0.29,1.59
299,2022-09-17,18,27,28,5,1,125,12,113,90.4,93.6,-0.2,1.12
300,2022-09-17,84,10,9,3,4,154,9,145,94.2,92.9,0.47,1.45
301,2022-09-17,60,11,20,5,8,105,5,100,95.2,94.3,-0.11,0.37
302,2022-09-17,61,18,22,5,1,156,7,149,95.5,93.6,-0.12,0.72
303,2022-09-17,24,16,19,4,1,134,3,131,97.8,93.3,-0.15,0.39
304,2022-09-17,50,2,21,4,3,135,10,125,92.6,91.1,0.29,0.95
305,2022-09-17,33,1,23,0,2,151,13,138,91.4,90.7,0.02,2.02
306,2022-09-17,90,25,14,2,7,147,7,140,95.2,95.9,-0.78,0.88
307,2022-09-17,13,13,24,2,1,134,10,124,92.5,93.3,0.24,1.24
308,2022-09-16,72,5,8,2,1,103,3,100,97.1,93.2,-0.1,0.34
309,2022-09-16,29,30,15,5,4,163,11,152,93.3,93.9,-0.1,1.54
310,2022-09-16,42,29,3,6,3,138,5,133,96.4,94.2,-0.2,0.96
311,2022-09-16,75,4,12,2,1,131,8,123,93.9,90.1,0.98,1.72
312,2022-09-16,26,18,22,4,3,122,7,115,94.3,90.2,0.3,0.84
313,2022-09-16,1,7,17,4,3,108,6,102,94.4,96.3,0.55,0.77
314,2022-09-16,80,2,21,7,2,162,9,153,94.4,90.1,-0.61,1.65
315,2022-09-16,23,11,20,5,0,170,16,154,90.6,90,1.15,2.13
316,2022-09-16,35,16,19,7,6,228,22,206,90.4,91.7,2.18,4.06
317,2022-09-16,21,26,6,6,5,153,8,145,94.8,94.1,0.61,1.19
318,2022-09-16,45,13,24,8,7,173,12,161,93.1,92.5,-0.27,1.51
319,2022-09-16,11,1,23,3,12,138,6,132,95.7,94.2,0.36,0.7
320,2022-09-16,49,25,14,0,5,152,13,139,91.4,92.1,-0.19,1.23
321,2022-09-15,4,7,9,2,8,141,10,131,92.9,92.9,-0.17,1.37
322,2022-09-15,7,29,27,0,11,143,5,138,96.5,95.1,-0.2,0.38
323,2022-09-15,41,15,21,5,3,154,8,146,94.8,92.9,-0.36,1.06
324,2022-09-15,51,11,20,5,2,158,3,155,98.1,94.3,-0.65,1.59
325,2022-09-15,68,18,22,7,1,174,11,163,93.7,92.5,0.53,2.25
326,2022-09-15,10,17,12,3,2,139,11,128,92.1,91.4,0.6,0.98
327,2022-09-15,82,26,6,2,3,152,6,146,96.1,94.1,-0.15,0.53
328,2022-09-15,78,1,23,4,0,125,10,115,92,92.8,-1.16,1.68
329,2022-09-14,6,6,22,4,10,178,12,166,93.3,92.7,-0.2,1.48
330,2022-09-14,17,7,13,5,3,125,6,119,95.2,95.2,-0.59,0.79
331,2022-09-14,73,10,11,1,2,151,9,142,94,94.7,-0.24,0.9
332,2022-09-14,67,9,8,0,3,150,9,141,94,94.7,-0.14,1.2
333,2022-09-14,14,25,2,4,1,137,10,127,92.7,94.2,-1.02,1.6
334,2022-09-14,8,24,23,6,1,142,13,129,90.8,89.4,-0.98,2.28
335,2022-09-14,59,15,21,1,6,158,7,151,95.6,96.8,0.62,0.62
336,2022-09-14,88,30,3,2,6,143,14,129,90.2,88.8,0.7,1.6
337,2022-09-14,54,29,27,5,1,122,13,109,89.3,94.3,-0.98,1.64
338,2022-09-14,38,18,5,3,6,162,9,153,94.4,97.5,0.51,1.07
339,2022-09-14,70,4,19,3,5,153,10,143,93.5,92.2,0.34,1.56
340,2022-09-14,52,17,12,4,0,154,8,146,94.8,95.5,0.15,0.79
341,2022-09-14,36,26,16,4,1,157,6,151,96.2,92.4,0.61,0.77
342,2022-09-14,85,28,20,7,8,172,7,165,95.9,95.9,0.04,1.02
343,2022-09-14,91,1,14,5,3,157,8,149,94.9,98.1,0.03,0.59
344,2022-09-13,84,6,22,1,6,149,12,137,91.9,94,0.51,1.73
345,2022-09-13,32,6,22,0,1,130,5,125,96.2,99.2,-0.19,0.73
346,2022-09-13,75,29,27,2,4,123,1,122,99.2,96.7,0.21,0.21
347,2022-09-13,30,29,27,7,2,126,10,116,92.1,92.9,0.9,1.06
348,2022-09-13,50,7,13,3,1,142,9,133,93.7,95.8,0.67,1.01
349,2022-09-13,61,10,11,3,6,130,3,127,97.7,95.4,0.02,0.32
350,2022-09-13,18,15,21,1,2,123,4,119,96.7,95.9,-0.16,0.32
351,2022-09-13,92,30,3,3,4,134,9,125,93.3,90.3,-1.17,1.27
352,2022-09-13,56,18,5,1,4,135,11,124,91.9,90.4,0.31,0.87
353,2022-09-13,62,4,19,6,7,166,7,159,95.8,95.2,-0.05,0.53
354,2022-09-13,83,17,12,6,3,132,4,128,97,97.7,0.16,0.42
355,2022-09-13,71,26,16,4,8,145,3,142,97.9,94.5,-0.14,0.36
356,2022-09-13,19,28,20,8,7,137,11,126,92,91.2,0.81,1.57
357,2022-09-13,60,9,8,4,2,130,7,123,94.6,91.5,-0.21,0.65
358,2022-09-13,48,1,14,0,4,163,7,156,95.7,96.9,0.43,1.79
359,2022-09-13,37,24,23,0,2,138,9,129,93.5,92.8,-0.11,0.83
360,2022-09-13,33,25,2,1,5,165,10,155,93.9,93.3,-0.68,1.04
361,2022-09-12,49,15,28,2,3,134,6,128,95.5,94.8,-1.55,2.11
362,2022-09-12,66,15,28,10,6,148,11,137,92.6,90.5,-0.18,1.16
363,2022-09-12,79,7,13,5,4,143,15,128,89.5,91.6,0.24,1.46
364,2022-09-12,26,10,11,0,7,128,10,118,92.2,91.4,-1.44,1.8
365,2022-09-12,55,6,22,3,6,163,17,146,89.6,92,-0.43,1.69
366,2022-09-12,13,29,27,3,2,131,6,125,95.4,97.7,0.14,0.72
367,2022-09-12,15,18,5,2,5,154,11,143,92.9,94.2,0.52,1.02
368,2022-09-12,40,1,14,0,6,129,6,123,95.3,92.2,0.12,0.48
369,2022-09-12,11,25,2,3,2,131,13,118,90.1,92.4,-0.02,1.22
370,2022-09-11,68,3,4,0,1,157,11,146,93,91.7,-0.27,1.57
371,2022-09-11,6,21,30,7,5,162,9,153,94.4,92.6,-0.56,1.28
372,2022-09-11,25,22,26,3,4,138,7,131,94.9,94.9,-0.64,1.3
373,2022-09-11,81,19,27,10,4,156,9,147,94.2,95.5,0.87,1.41
374,2022-09-11,9,15,18,3,9,138,4,134,97.1,94.2,0.03,0.29
375,2022-09-11,54,11,13,12,4,194,14,180,92.8,94.3,0.14,1.84
376,2022-09-11,82,12,10,4,0,123,9,114,92.7,95.9,-0.44,0.92
377,2022-09-11,21,17,7,1,4,147,13,134,91.2,91.2,-0.79,1.59
378,2022-09-11,58,16,6,7,6,173,18,155,89.6,92.5,-1.07,2.83
379,2022-09-11,77,28,29,4,1,161,17,144,89.4,96.3,0.22,3.24
380,2022-09-11,20,8,1,6,12,192,17,175,91.1,92.2,0.96,2.28
381,2022-09-11,24,20,9,10,3,132,9,123,93.2,90.2,-0.79,1.17
382,2022-09-11,29,23,14,2,11,129,8,121,93.8,94.6,-0.26,0.98
383,2022-09-11,16,24,2,8,7,170,12,158,92.9,94.7,0.8,1.78
384,2022-09-11,74,5,25,2,4,161,5,156,96.9,93.2,-0.05,0.41
385,2022-09-10,73,19,27,10,3,122,7,115,94.3,89.3,-0.13,0.79
386,2022-09-10,43,5,25,2,5,149,8,141,94.6,90.6,0.25,1.09
387,2022-09-10,35,20,9,2,10,162,9,153,94.4,95.1,-0.47,0.95
388,2022-09-10,23,12,10,4,8,138,9,129,93.5,93.5,0.45,1.03
389,2022-09-10,39,3,4,4,17,158,5,153,96.8,93,0.39,0.73
390,2022-09-10,84,21,30,8,5,149,8,141,94.6,94.6,0.12,0.88
391,2022-09-10,85,15,18,3,11,154,7,147,95.5,94.8,-0.19,0.53
392,2022-09-10,1,28,29,7,11,178,10,168,94.4,93.8,0.69,1.97
393,2022-09-10,30,11,13,1,6,148,6,142,95.9,93.2,0.24,1.26
394,2022-09-10,69,17,7,4,6,167,14,153,91.6,91.6,0.55,2.35
395,2022-09-10,41,16,6,5,1,159,10,149,93.7,93.1,-0.03,0.73
396,2022-09-10,17,22,26,5,7,159,5,154,96.9,95.6,0.05,0.35
397,2022-09-10,38,8,1,4,1,148,15,133,89.9,90.5,0.41,1.65
398,2022-09-10,10,23,14,4,8,131,8,123,93.9,93.1,0.59,0.87
399,2022-09-10,72,24,2,3,1,120,7,113,94.2,94.2,-0.09,0.61
400,2022-09-09,62,5,25,4,2,145,16,129,89,91,-0.77,1.99
401,2022-09-09,22,22,26,8,2,179,14,165,92.2,93.3,1.03,2.51
402,2022-09-09,19,15,18,6,3,163,10,153,93.9,94.5,-0.42,1.56
403,2022-09-09,50,3,4,3,2,173,6,167,96.5,96,-0.2,0.8
404,2022-09-09,32,21,30,5,3,103,4,99,96.1,94.2,0.32,0.9
405,2022-09-09,56,19,27,2,4,142,12,130,91.5,91.5,-0.33,1.21
406,2022-09-09,92,28,29,3,4,133,8,125,94,96.2,0.79,0.99
407,2022-09-09,75,11,13,4,3,147,9,138,93.9,92.5,0.83,1.23
408,2022-09-09,51,12,10,2,10,172,10,162,94.2,97.1,0.52,1.2
409,2022-09-09,87,17,7,6,7,169,9,160,94.7,93.5,0.57,1.11
410,2022-09-09,67,16,6,2,8,138,12,126,91.3,92,0.21,1.11
411,2022-09-09,2,8,1,13,10,177,16,161,91,94.4,-0.47,1.67
412,2022-09-09,47,23,14,5,4,159,11,148,93.1,92.5,0.39,2.35
413,2022-09-09,36,24,2,4,6,171,14,157,91.8,93.6,0.63,1.61
414,2022-09-09,8,20,9,3,5,140,11,129,92.1,92.9,0.61,1.07
415,2022-09-08,44,26,30,6,11,179,9,170,95,95.5,-0.04,1.14
416,2022-09-08,57,5,6,3,4,161,8,153,95,93.8,-0.11,1.69
417,2022-09-08,59,16,25,2,1,122,4,118,96.7,94.3,-0.05,0.49
418,2022-09-08,86,16,25,4,2,174,10,164,94.3,95.4,-0.46,1.84
419,2022-09-08,27,21,15,5,6,124,8,116,93.5,95.2,0.12,0.68
420,2022-09-08,55,19,17,3,4,144,10,134,93.1,88.9,-0.65,2.71
421,2022-09-08,37,20,9,2,14,162,6,156,96.3,94.4,-0.18,0.54
422,2022-09-07,26,22,18,1,5,118,2,116,98.3,95.8,0.32,0.32
423,2022-09-07,49,22,18,0,10,173,8,165,95.4,94.8,0.39,1.15
424,2022-09-07,84,19,17,5,4,171,9,162,94.7,93.6,0.11,1.09
425,2022-09-07,6,19,17,7,1,180,9,171,95,93.9,0.64,0.8
426,2022-09-07,24,8,16,8,4,142,8,134,94.4,95.1,-0.64,1.06
427,2022-09-07,7,20,2,3,7,152,13,139,91.4,94.7,0.03,2.01
428,2022-09-07,71,13,10,4,5,172,17,155,90.1,92.4,-0.61,1.99
429,2022-09-07,88,14,25,7,3,157,13,144,91.7,89.8,0.39,1.51
430,2022-09-07,4,24,9,6,9,184,11,173,94,92.9,-0.45,1.09
431,2022-09-07,65,27,4,1,0,151,9,142,94,94.7,0.63,1.15
432,2022-09-07,83,21,15,4,3,131,6,125,95.4,96.9,-0.08,0.52
433,2022-09-07,58,3,29,1,4,116,4,112,96.6,94.8,0.06,0.38
434,2022-09-07,25,5,6,1,7,147,7,140,95.2,90.5,0.22,0.58
435,2022-09-07,20,26,30,6,5,147,6,141,95.9,92.5,0.3,0.86
436,2022-09-07,70,12,7,2,1,149,8,141,94.6,93.3,-0.03,0.75
437,2022-09-07,52,11,28,4,3,168,9,159,94.6,93.5,-0.88,1.6
438,2022-09-07,82,23,1,6,3,148,8,140,94.6,91.9,0.3,0.68
439,2022-09-06,85,22,18,8,2,158,11,147,93,93.7,0.03,0.77
440,2022-09-06,53,27,4,8,4,138,5,133,96.4,91.3,-0.24,0.64
441,2022-09-06,39,21,15,3,2,129,4,125,96.9,92.2,0.19,0.47
442,2022-09-06,41,3,29,9,6,164,7,157,95.7,95.7,-1.54,1.72
443,2022-09-06,17,5,6,9,3,185,13,172,93,91.9,-0.38,2
444,2022-09-06,38,26,30,4,1,134,8,126,94,94,0.25,0.77
445,2022-09-06,2,12,7,1,4,112,2,110,98.2,96.4,0.04,0.1
446,2022-09-06,29,11,28,3,4,148,12,136,91.9,95.3,0.24,1.2
447,2022-09-06,35,8,16,10,7,156,9,147,94.2,93.6,-0.25,0.69
448,2022-09-06,16,13,10,5,4,120,6,114,95,90.8,0.72,0.72
449,2022-09-06,61,23,1,6,5,145,9,136,93.8,92.4,0.14,1.36
450,2022-09-06,54,20,2,9,10,150,13,137,91.3,94.7,0.17,1.81
451,2022-09-06,74,24,9,3,0,148,10,138,93.2,91.9,0.55,1.05
452,2022-09-06,77,14,25,6,3,93,9,84,90.3,94.6,0.34,1.06
453,2022-09-05,59,3,29,3,7,140,11,129,92.1,90.7,-1.22,1.94
454,2022-09-05,86,3,29,4,8,149,8,141,94.6,94,-0.44,0.74
455,2022-09-05,32,19,17,5,2,145,8,137,94.5,94.5,0.53,1.17
456,2022-09-05,69,27,4,4,3,155,7,148,95.5,92.9,-0.2,0.74
457,2022-09-05,8,8,16,4,6,159,6,153,96.2,95.6,0.24,1
458,2022-09-05,13,26,30,0,6,147,9,138,93.9,95.9,1.37,1.51
459,2022-09-05,23,23,1,0,5,137,4,133,97.1,94.9,-0.06,0.48
460,2022-09-05,43,24,9,2,3,127,7,120,94.5,94.5,1,1.38
461,2022-09-05,10,11,28,1,0,115,10,105,91.3,95.7,-0.31,1.03
462,2022-09-05,3,12,7,5,6,154,10,144,93.5,90.3,-0.17,1.01
463,2022-09-05,72,13,10,10,0,123,6,117,95.1,93.5,0.15,0.33
464,2022-09-05,1,14,25,4,7,148,6,142,95.9,94.6,0.85,0.95
465,2022-09-04,68,22,29,3,4,156,9,147,94.2,92.3,0.11,1.53
466,2022-09-04,84,6,8,4,8,153,10,143,93.5,92.8,-0.08,0.9
467,2022-09-04,49,6,8,10,0,171,11,160,93.6,94.7,-0.93,2.29
468,2022-09-04,78,3,20,0,5,135,4,131,97,98.5,-0.06,0.56
469,2022-09-04,70,4,28,5,2,163,16,147,90.2,92.6,-0.02,2.16
470,2022-09-04,52,2,15,7,1,155,4,151,97.4,96.8,0.32,0.4
471,2022-09-04,44,10,12,2,3,162,11,151,93.2,97.5,-0.41,1.11
472,2022-09-04,18,18,30,1,7,139,9,130,93.5,91.4,0.2,0.96
473,2022-09-04,91,27,19,1,2,146,8,138,94.5,92.5,-1.06,1.44
474,2022-09-04,22,9,17,1,5,130,7,123,94.6,96.2,0.98,1.66
475,2022-09-04,62,26,5,2,0,104,4,100,96.2,96.2,-0.08,0.22
476,2022-09-04,9,7,24,3,6,179,12,167,93.3,94.4,-0.13,2.21
477,2022-09-04,37,25,21,5,3,173,16,157,90.8,89,-0.84,2.44
478,2022-09-04,51,13,11,1,9,136,6,130,95.6,91.9,0.41,0.97
479,2022-09-04,80,1,16,5,1,153,10,143,93.5,94.8,0.68,0.96
480,2022-09-04,30,14,23,9,4,188,10,178,94.7,94.7,1.23,1.87
481,2022-09-03,24,25,21,5,4,175,7,168,96,95.4,-0.17,1.15
482,2022-09-03,19,4,28,5,3,153,7,146,95.4,94.8,-0.14,0.64
483,2022-09-03,20,10,12,2,12,149,7,142,95.3,96,-0.26,1.06
484,2022-09-03,45,27,19,2,1,114,9,105,92.1,90.4,0.04,1.16
485,2022-09-03,87,22,29,1,4,131,8,123,93.9,93.1,0.04,0.6
486,2022-09-03,14,3,20,8,1,158,10,148,93.7,94.3,0.13,0.93
487,2022-09-03,41,18,30,1,7,131,13,118,90.1,91.6,0.55,1.91
488,2022-09-03,27,7,24,0,4,163,6,157,96.3,93.9,1.25,1.95
489,2022-09-03,81,26,5,8,4,162,10,152,93.8,95.1,0.12,1.08
490,2022-09-03,42,9,17,13,0,139,8,131,94.2,92.8,-0.13,1.17
491,2022-09-03,61,2,15,2,1,157,8,149,94.9,94.3,0.23,1.29
492,2022-09-03,4,1,16,6,8,211,14,197,93.4,97.2,0.62,2.2
493,2022-09-03,82,13,11,2,1,162,6,156,96.3,96.3,0.83,0.93
494,2022-09-03,75,14,23,12,1,134,9,125,93.3,91.8,-0.21,0.93
495,2022-09-02,65,22,29,0,4,159,9,150,94.3,95.6,0.34,1.4
496,2022-09-02,85,6,8,3,2,143,12,131,91.6,93,0.05,1.13
497,2022-09-02,33,3,20,5,2,130,11,119,91.5,92.3,-0.78,1.82
498,2022-09-02,2,10,12,5,4,145,6,139,95.9,95.9,-0.07,0.81
499,2022-09-02,86,18,30,7,3,156,11,145,92.9,92.9,-0.48,0.94
500,2022-09-02,47,7,24,1,6,150,6,144,96,98,-0.31,0.53
501,2022-09-02,15,4,28,9,1,163,7,156,95.7,94.5,-0.77,1.31
502,2022-09-02,40,27,19,9,0,159,10,149,93.7,93.1,-0.84,1.4
503,2022-09-02,26,2,15,8,1,147,10,137,93.2,93.9,0.18,1.14
504,2022-09-02,25,9,17,4,3,144,6,138,95.8,95.1,-0.03,0.81
505,2022-09-02,50,26,5,8,0,169,8,161,95.3,94.7,-0.6,0.96
506,2022-09-02,23,13,11,2,4,152,13,139,91.4,94.1,0.85,3.19
507,2022-09-02,74,1,16,2,1,162,7,155,95.7,93.2,-0.63,0.87
508,2022-09-02,7,14,23,1,7,162,10,152,93.8,94.4,0.18,1.42
509,2022-09-02,35,25,21,13,1,171,9,162,94.7,95.9,0.59,1.13
510,2022-09-01,8,10,24,0,7,141,5,136,96.5,93.6,0.06,0.84
511,2022-09-01,11,9,12,7,1,151,7,144,95.4,92.7,0.45,0.45
512,2022-09-01,79,30,20,7,5,178,12,166,93.3,93.8,0.62,1.32
513,2022-09-01,69,18,14,5,3,169,14,155,91.7,95.9,0.96,1.98
514,2022-09-01,13,7,3,0,3,137,6,131,95.6,94.9,0.15,0.47
515,2022-09-01,90,4,28,9,8,197,4,193,98,98,-0.47,0.63
516,2022-09-01,59,2,8,3,0,118,8,110,93.2,94.1,0.4,0.58
517,2022-09-01,43,1,16,5,0,117,5,112,95.7,96.6,0.15,0.43
518,2022-08-31,39,28,11,3,5,150,13,137,91.3,92,1.42,1.96
519,2022-08-31,60,16,22,6,1,165,5,160,97,93.3,-0.67,0.85
520,2022-08-31,3,25,23,4,5,155,16,139,89.7,90.3,0.52,2.54
521,2022-08-31,44,7,3,0,4,139,7,132,95,96.4,-0.21,0.67
522,2022-08-31,28,6,26,3,5,195,11,184,94.4,92.3,-0.09,1.47
523,2022-08-31,66,15,27,1,2,127,9,118,92.9,93.7,0.11,0.71
524,2022-08-31,22,30,20,5,1,127,6,121,95.3,95.3,-0.17,0.55
525,2022-08-31,70,29,5,5,7,146,16,130,89,91.1,0.11,1.89
526,2022-08-31,68,18,14,2,1,113,13,100,88.5,89.4,0.67,1.33
527,2022-08-31,37,10,24,3,5,142,7,135,95.1,95.1,0.2,0.76
528,2022-08-31,18,2,8,3,2,136,15,121,89,85.3,-0.52,1.38
529,2022-08-31,1,17,4,5,6,150,9,141,94,94.7,0.14,0.84
530,2022-08-31,78,9,12,4,2,122,6,116,95.1,91.8,0.45,1.05
531,2022-08-31,80,13,19,3,2,120,6,114,95,95.8,-0.3,0.68
532,2022-08-31,54,1,21,2,18,145,9,136,93.8,93.8,0.24,1.48
533,2022-08-30,20,7,3,5,1,126,7,119,94.4,96,1,1.86
534,2022-08-30,52,6,26,5,1,131,10,121,92.4,92.4,-0.42,1.3
535,2022-08-30,46,15,27,2,7,142,10,132,93,92.3,-0.15,1.31
536,2022-08-30,42,30,20,6,10,174,8,166,95.4,94.3,0.1,0.96
537,2022-08-30,19,29,5,5,3,157,8,149,94.9,95.5,-0.12,0.62
538,2022-08-30,87,18,14,3,4,159,15,144,90.6,93.1,0.27,1.99
539,2022-08-30,24,10,24,3,9,159,14,145,91.2,89.9,-0.26,1.6
540,2022-08-30,41,2,8,2,3,154,8,146,94.8,95.5,0.48,0.82
541,2022-08-30,91,17,4,10,5,170,12,158,92.9,92.4,0.05,2.35
542,2022-08-30,9,28,11,2,4,140,9,131,93.6,94.3,0.3,1.8
543,2022-08-30,14,9,12,7,9,180,6,174,96.7,96.1,-0.06,0.38
544,2022-08-30,51,16,22,2,4,162,6,156,96.3,94.4,-0.08,0.56
545,2022-08-30,4,13,19,4,7,150,6,144,96,93.3,-0.28,0.6
546,2022-08-30,30,1,21,12,3,156,8,148,94.9,92.9,0.38,0.96
547,2022-08-30,81,25,23,3,4,191,16,175,91.6,89,-0.43,2.39
548,2022-08-29,61,6,26,4,13,168,7,161,95.8,95.8,0.68,1.2
549,2022-08-29,27,15,14,2,3,176,10,166,94.3,90.9,-0.78,1.28
550,2022-08-29,15,29,5,5,4,165,11,154,93.3,95.8,0.33,0.99
551,2022-08-29,45,17,4,4,2,160,12,148,92.5,93.8,-0.26,2.04
552,2022-08-29,82,16,22,7,5,199,16,183,92,90.5,-0.18,1.7
553,2022-08-29,74,13,19,4,3,109,8,101,92.7,90.8,-0.4,0.76
554,2022-08-29,75,1,21,13,7,189,8,181,95.8,94.2,-1.2,1.78
555,2022-08-29,64,25,23,5,6,173,10,163,94.2,96,0.64,0.94
556,2022-08-28,47,15,14,1,8,153,6,147,96.1,94.8,-0.7,1.12
557,2022-08-28,43,30,6,3,2,125,11,114,91.2,95.2,0.76,3.72
558,2022-08-28,11,4,27,4,12,156,6,150,96.2,95.5,0.41,0.93
559,2022-08-28,71,21,22,0,5,129,4,125,96.9,96.9,0.3,0.36
560,2022-08-28,49,29,13,3,8,175,8,167,95.4,94.3,0.64,1.04
561,2022-08-28,2,18,8,0,1,130,6,124,95.4,94.6,0.13,0.41
562,2022-08-28,73,11,3,3,1,158,16,142,89.9,93,0.95,2.39
563,2022-08-28,56,12,23,15,7,200,21,179,89.5,92.5,-2.5,3.94
564,2022-08-28,17,17,25,8,3,184,13,171,92.9,92.9,-0.69,1.19
565,2022-08-28,23,9,1,2,3,150,11,139,92.7,94,0.41,1.23
566,2022-08-28,86,16,5,9,7,193,18,175,90.7,90.2,-0.6,2.34
567,2022-08-28,88,28,10,8,9,165,7,158,95.8,93.3,0.26,0.66
568,2022-08-28,3,20,19,4,1,163,15,148,90.8,90.8,-0.08,1.98
569,2022-08-28,7,24,7,4,0,127,6,121,95.3,92.1,0.23,0.49
570,2022-08-28,65,26,2,6,3,135,13,122,90.4,90.4,0.02,1.7
571,2022-08-27,85,29,13,0,2,150,12,138,92,92.7,-0.24,2.22
572,2022-08-27,33,4,27,5,1,130,9,121,93.1,92.3,-0.3,1.02
573,2022-08-27,58,21,22,6,0,152,12,140,92.1,90.1,0.64,1.48
574,2022-08-27,39,15,14,2,1,97,8,89,91.8,92.8,0.33,1.27
575,2022-08-27,84,30,6,2,6,152,10,142,93.4,91.4,-0.42,0.92
576,2022-08-27,77,28,10,2,11,149,12,137,91.9,91.3,-0.27,1.59
577,2022-08-27,28,11,3,1,3,137,13,124,90.5,94.2,0.25,1.43
578,2022-08-27,13,18,8,3,0,144,13,131,91,91,0.13,1.57
579,2022-08-27,90,12,23,3,4,145,7,138,95.2,94.5,0.52,0.96
580,2022-08-27,80,9,1,5,10,155,9,146,94.2,91.6,-0.59,1.11
581,2022-08-27,59,16,5,7,0,168,6,162,96.4,93.5,0.79,0.95
582,2022-08-27,79,17,25,3,2,194,18,176,90.7,90.7,-0.73,3.47
583,2022-08-27,1,26,2,6,5,146,7,139,95.2,92.5,-1.04,1.04
584,2022-08-27,50,20,19,3,2,129,6,123,95.3,93,-0.63,0.93
585,2022-08-27,54,24,7,3,4,133,13,120,90.2,91.7,0.17,1.81
586,2022-08-26,9,15,14,6,10,209,14,195,93.3,93.8,-0.4,2.22
587,2022-08-26,55,30,6,3,7,152,11,141,92.8,92.8,0.08,1.26
588,2022-08-26,16,21,22,7,4,125,11,114,91.2,93.6,0.45,1.07
589,2022-08-26,66,29,13,0,12,181,18,163,90.1,89,0.15,2.59
590,2022-08-26,38,18,8,7,6,135,13,122,90.4,91.1,0.19,1.69
591,2022-08-26,78,4,27,9,8,158,6,152,96.2,96.2,0.03,0.79
592,2022-08-26,92,28,10,7,6,153,8,145,94.8,93.5,0.63,0.99
593,2022-08-26,52,11,3,0,2,128,6,122,95.3,94.5,0.01,0.47
594,2022-08-26,70,12,23,5,13,182,12,170,93.4,89.6,1.18,1.4
595,2022-08-26,35,17,25,9,0,141,9,132,93.6,92.9,-0.27,0.85
596,2022-08-26,60,9,1,2,7,150,14,136,90.7,89.3,0.27,1.43
597,2022-08-26,18,16,5,3,4,183,15,168,91.8,92.3,-0.31,1.55
598,2022-08-26,29,26,2,4,11,181,8,173,95.6,96.1,0.62,0.9
599,2022-08-26,81,20,19,2,3,142,7,135,95.1,93,-0.22,0.82
600,2022-08-26,30,24,7,3,2,148,7,141,95.3,91.9,-0.34,0.82
601,2022-08-25,32,27,13,8,3,133,9,124,93.2,90.2,0.61,1.09
602,2022-08-25,46,5,26,3,8,161,5,156,96.9,94.4,-0.33,0.41
603,2022-08-25,75,24,7,3,1,153,11,142,92.8,94.1,0.54,1.22
604,2022-08-25,10,21,6,4,0,117,10,107,91.5,95.7,0.03,0.83
605,2022-08-25,27,3,9,4,3,136,6,130,95.6,94.1,-0.78,0.78
606,2022-08-25,20,18,8,3,1,158,7,151,95.6,91.8,-0.88,1.8
607,2022-08-25,19,4,29,5,6,184,3,181,98.4,94.6,0.4,0.4
608,2022-08-25,48,11,17,6,3,154,11,143,92.9,89.6,1.17,1.73
609,2022-08-25,64,20,19,4,13,192,16,176,91.7,90.1,-0.72,3.34
610,2022-08-24,6,22,2,2,14,170,10,160,94.1,95.9,1.23,1.51
611,2022-08-24,72,10,25,6,1,146,12,134,91.8,91.1,-0.16,1.58
612,2022-08-24,14,8,28,4,16,174,9,165,94.8,93.7,0.29,1.03
613,2022-08-24,82,20,15,3,2,128,12,116,90.6,94.5,-0.68,1.48
614,2022-08-24,41,23,7,0,7,134,11,123,91.8,91,-0.39,2.13
615,2022-08-24,61,24,30,1,3,135,9,126,93.3,91.1,-0.46,1.06
616,2022-08-24,65,21,6,7,5,150,5,145,96.7,94,0.16,0.72
617,2022-08-24,47,3,9,3,5,164,7,157,95.7,93.3,-0.3,0.84
618,2022-08-24,43,27,13,4,3,170,2,168,98.8,97.6,0.01,0.23
619,2022-08-24,56,4,29,2,3,142,13,129,90.8,93.7,0.92,1.74
620,2022-08-24,49,5,26,7,1,134,9,125,93.3,92.5,-0.88,1.4
621,2022-08-24,22,12,1,5,3,140,13,127,90.7,89.3,-0.31,1.03
622,2022-08-24,88,11,17,5,3,146,7,139,95.2,94.5,-0.44,0.98
623,2022-08-24,3,14,16,12,6,158,10,148,93.7,94.9,0.23,1.77
624,2022-08-23,66,5,26,2,0,164,12,152,92.7,95.1,0.39,1.29
625,2022-08-23,85,5,26,3,13,176,4,172,97.7,97.2,-0.4,0.5
626,2022-08-23,1,21,6,7,6,147,7,140,95.2,94.6,-0.12,1.04
627,2022-08-23,13,22,2,1,6,118,10,108,91.5,94.9,0.51,0.89
628,2022-08-23,39,3,9,5,3,163,10,153,93.9,93.3,0.27,0.79
629,2022-08-23,7,19,18,4,2,167,11,156,93.4,94.6,0.24,1.7
630,2022-08-23,71,10,25,1,3,146,6,140,95.9,96.6,-0.09,0.51
631,2022-08-23,84,27,13,11,1,144,10,134,93.1,93.8,-0.02,1.08
632,2022-08-23,90,4,29,3,9,167,3,164,98.2,95.8,-0.36,0.58
633,2022-08-23,17,12,1,3,7,183,12,171,93.4,91.8,-0.37,1.31
634,2022-08-23,77,11,17,4,2,144,7,137,95.1,94.4,0.09,0.91
635,2022-08-23,11,8,28,7,6,132,10,122,92.4,90.9,-0.08,0.68
636,2022-08-23,86,23,7,1,3,178,13,165,92.7,93.3,-1.32,2.14
637,2022-08-23,51,20,15,3,5,130,9,121,93.1,91.5,-0.08,1
638,2022-08-23,73,24,30,4,2,135,14,121,89.6,91.9,0.82,1.46
639,2022-08-23,50,14,16,10,1,157,7,150,95.5,92.4,0.43,0.81
640,2022-08-22,79,12,9,6,4,195,10,185,94.9,94.4,0.42,2.68
641,2022-08-22,29,21,6,4,1,129,16,113,87.6,85.3,-1.19,2.13
642,2022-08-22,38,22,2,1,2,118,6,112,94.9,97.5,0.27,0.37
643,2022-08-22,54,19,18,4,2,120,8,112,93.3,96.7,0.53,0.91
644,2022-08-22,55,27,13,2,1,147,5,142,96.6,94.6,-0.17,0.81
645,2022-08-22,58,17,28,1,2,130,18,112,86.2,91.5,-0.08,2.48
646,2022-08-22,36,5,26,0,1,108,9,99,91.7,90.7,-0.54,1.12
647,2022-08-22,23,20,15,0,3,164,8,156,95.1,95.1,0.47,0.77
648,2022-08-22,81,14,16,0,4,153,8,145,94.8,92.8,0.06,1.64
649,2022-08-21,53,22,6,5,9,156,5,151,96.8,96.2,-0.1,0.54
650,2022-08-21,62,21,18,9,10,202,6,196,97,97,-0.74,0.92
651,2022-08-21,25,2,11,4,5,146,6,140,95.9,93.8,0.16,1.06
652,2022-08-21,8,19,29,4,2,148,9,139,93.9,96.6,0.01,0.55
653,2022-08-21,21,10,13,4,0,156,9,147,94.2,94.9,0.17,2.49
654,2022-08-21,10,27,12,3,2,131,7,124,94.7,93.9,0.14,0.98
655,2022-08-21,16,17,28,0,7,120,7,113,94.2,94.2,0.07,0.63
656,2022-08-21,20,5,16,2,5,157,9,148,94.3,91.7,0.16,1.28
657,2022-08-21,35,8,25,8,9,178,12,166,93.3,94.4,0.34,1.28
658,2022-08-21,33,20,24,5,3,167,17,150,89.8,90.4,0.11,2.11
659,2022-08-21,70,23,30,2,1,117,3,114,97.4,95.7,0.61,1.07
660,2022-08-21,18,1,26,4,6,163,9,154,94.5,96.3,-0.3,1.52
661,2022-08-21,28,14,15,10,3,166,6,160,96.4,96.4,-0.66,1.42
662,2022-08-21,92,3,4,5,3,155,12,143,92.3,93.5,0.26,1.96
663,2022-08-20,4,21,18,2,8,193,13,180,93.3,90.7,-0.92,2.68
664,2022-08-20,42,21,18,4,1,160,4,156,97.5,95,0.11,0.27
665,2022-08-20,37,19,29,2,5,150,12,138,92,90,0.8,1.44
666,2022-08-20,27,10,13,4,3,128,13,115,89.8,93,-0.25,1.61
667,2022-08-20,44,5,16,6,5,200,20,180,90,91.5,0.4,2.54
668,2022-08-20,65,3,4,3,4,130,14,116,89.2,92.3,-1.36,1.96
669,2022-08-20,49,27,12,5,2,121,5,116,95.9,88.4,0.65,0.73
670,2022-08-20,32,7,9,0,2,124,5,119,96,89.5,-0.38,0.38
671,2022-08-20,24,22,6,1,10,189,10,179,94.7,93.1,0.65,1.01
672,2022-08-20,72,17,28,3,4,178,9,169,94.9,96.1,-0.47,1.17
673,2022-08-20,78,20,24,4,3,158,9,149,94.3,94.9,-0.54,0.86
674,2022-08-20,40,2,11,5,4,179,6,173,96.6,98.3,-0.03,0.81
675,2022-08-20,59,8,25,4,3,133,9,124,93.2,93.2,0.58,0.64
676,2022-08-20,41,1,26,7,16,189,12,177,93.7,89.9,-0.28,1.7
677,2022-08-20,15,23,30,2,1,160,10,150,93.8,96.2,0.8,1.42
678,2022-08-20,26,14,15,7,0,146,6,140,95.9,95.9,-0.79,0.79
679,2022-08-19,13,5,16,8,7,160,8,152,95,92.5,-0.14,0.74
680,2022-08-19,88,3,4,15,10,183,4,179,97.8,93.4,-0.13,0.65
681,2022-08-19,69,22,6,5,4,108,3,105,97.2,93.5,-0.21,0.35
682,2022-08-19,74,21,18,2,7,159,6,153,96.2,92.5,-0.11,0.61
683,2022-08-19,52,19,29,0,4,124,11,113,91.1,91.9,0.46,1.04
684,2022-08-19,47,10,13,0,1,93,7,86,92.5,90.3,0.13,0.55
685,2022-08-19,1,27,12,2,3,153,16,137,89.5,90.2,-0.26,1.66
686,2022-08-19,19,7,9,5,2,130,1,129,99.2,95.4,0.12,0.12
687,2022-08-19,91,2,11,6,2,130,3,127,97.7,94.6,-0.09,0.83
688,2022-08-19,71,17,28,2,1,145,4,141,97.2,96.6,-0.34,0.58
689,2022-08-19,22,8,25,7,4,136,6,130,95.6,97.8,0.84,0.84
690,2022-08-19,56,23,30,3,6,178,17,161,90.4,91.6,-0.2,1.72
691,2022-08-19,14,20,24,2,10,137,7,130,94.9,93.4,-0.22,1.04
692,2022-08-19,86,1,26,1,5,146,4,142,97.3,95.9,-0.81,1.05
693,2022-08-19,61,14,15,2,1,123,6,117,95.1,95.1,0.02,0.78
694,2022-08-18,38,26,8,13,0,150,9,141,94,91.3,-0.42,1.1
695,2022-08-18,6,28,20,10,3,159,6,153,96.2,95.6,-0.82,1.1
696,2022-08-18,75,9,11,5,21,200,15,185,92.5,91.5,1.75,2.47
697,2022-08-18,43,16,14,5,3,155,11,144,92.9,92.9,-0.09,0.81
698,2022-08-18,25,3,5,2,3,141,9,132,93.6,93.6,-0.49,1.01
699,2022-08-18,73,25,1,0,5,133,5,128,96.2,94.7,0.1,0.6
700,2022-08-18,11,22,4,8,2,133,10,123,92.5,94.7,-0.36,1.36
701,2022-08-18,12,19,29,2,9,150,6,144,96,94,-0.08,0.6
702,2022-08-18,29,27,12,7,1,125,10,115,92,94.4,-0.74,1.22
703,2022-08-18,85,2,18,3,2,115,7,108,93.9,93,0.06,0.52
704,2022-08-18,90,23,30,1,3,157,13,144,91.7,91.1,1.03,1.93
705,2022-08-17,8,6,21,1,0,129,4,125,96.9,94.6,-0.49,0.49
706,2022-08-17,40,30,5,2,3,127,11,116,91.3,92.1,1.17,1.49
707,2022-08-17,42,17,12,4,0,136,5,131,96.3,96.3,0.38,0.38
708,2022-08-17,58,29,3,6,1,120,7,113,94.2,91.7,0.4,1
709,2022-08-17,70,13,24,7,11,162,11,151,93.2,91.4,-0.57,1.53
710,2022-08-17,10,15,23,3,10,187,9,178,95.2,94.1,-0.32,1.64
711,2022-08-17,33,22,4,3,8,139,10,129,92.8,89.2,0.86,2
712,2022-08-17,39,19,27,8,7,174,12,162,93.1,94.3,-0.08,1.26
713,2022-08-17,68,7,10,8,4,169,9,160,94.7,95.3,1.07,2.03
714,2022-08-17,92,2,18,7,9,165,3,162,98.2,94.5,-0.45,0.45
715,2022-08-17,20,26,8,5,1,136,3,133,97.8,94.9,0.29,0.47
716,2022-08-17,59,28,20,2,7,152,11,141,92.8,91.4,0.71,1.73
717,2022-08-17,17,9,11,2,3,146,10,136,93.2,93.2,0.42,1.06
718,2022-08-17,84,16,14,1,2,148,7,141,95.3,94.6,-0.48,0.82
719,2022-08-17,28,25,1,2,3,160,10,150,93.8,92.5,-0.26,1.48
720,2022-08-16,37,6,21,4,11,152,10,142,93.4,92.1,0.64,2.38
721,2022-08-16,1,15,23,4,3,172,13,159,92.4,90.7,0.78,2.42
722,2022-08-16,45,30,5,5,7,167,14,153,91.6,94.6,0.31,1.45
723,2022-08-16,78,22,4,3,5,147,12,135,91.8,93.2,-0.12,1.46
724,2022-08-16,21,19,27,1,3,139,10,129,92.8,92.8,1.13,1.33
725,2022-08-16,72,29,3,2,4,142,9,133,93.7,95.1,0.2,0.8
726,2022-08-16,53,7,10,3,4,150,6,144,96,93.3,0.01,0.49
727,2022-08-16,65,2,18,5,0,133,11,122,91.7,93.2,0.83,1.73
728,2022-08-16,30,17,12,9,0,161,9,152,94.4,91.9,-0.24,1.06
729,2022-08-16,44,26,8,5,4,142,12,130,91.5,94.4,-0.29,1.01
730,2022-08-16,41,28,20,1,5,137,4,133,97.1,95.6,0.14,0.36
731,2022-08-16,35,9,11,4,3,135,7,128,94.8,94.1,0.5,1.2
732,2022-08-16,32,16,14,5,4,199,9,190,95.5,93,-0.42,1.22
733,2022-08-16,15,13,24,2,8,161,8,153,95,90.7,0.13,0.71
734,2022-08-16,26,25,1,2,1,123,10,113,91.9,91.1,-0.79,1.01
735,2022-08-15,69,7,10,4,1,128,4,124,96.9,96.1,0.1,0.42
736,2022-08-15,4,7,10,5,7,135,4,131,97,93.3,-0.04,0.94
737,2022-08-15,52,6,21,3,4,133,7,126,94.7,93.2,-0.32,0.64
738,2022-08-15,29,15,23,3,0,158,12,146,92.4,93,-0.35,0.99
739,2022-08-15,91,30,5,5,4,157,8,149,94.9,94.9,-0.1,0.8
740,2022-08-15,27,19,27,0,4,140,12,128,91.4,92.1,0.71,1.15
741,2022-08-15,24,29,3,3,7,169,7,162,95.9,94.7,0.07,0.65
742,2022-08-15,88,2,18,13,1,173,9,164,94.8,93.6,-0.54,1.24
743,2022-08-15,62,17,12,4,2,126,6,120,95.2,96,0.08,0.36
744,2022-08-15,86,28,20,2,1,171,15,156,91.2,93,0.4,1.56
745,2022-08-15,22,9,11,4,2,101,6,95,94.1,96,-0.48,0.48
746,2022-08-15,19,16,14,0,4,170,12,158,92.9,94.7,1.12,2.12
747,2022-08-15,56,13,24,2,6,150,15,135,90,90,-0.32,1.52
748,2022-08-15,61,25,1,6,1,150,8,142,94.7,90.7,0.36,0.62
749,2022-08-14,71,30,23,0,6,153,9,144,94.1,90.8,0,1.9
750,2022-08-14,49,29,7,2,7,137,5,132,96.4,94.2,0.26,0.54
751,2022-08-14,64,6,5,8,5,173,12,161,93.1,95.4,-0.54,2.22
752,2022-08-14,12,27,3,4,1,109,6,103,94.5,97.2,-0.74,0.9
753,2022-08-14,10,18,21,6,0,159,6,153,96.2,94.3,0.17,1.29
754,2022-08-14,87,15,2,1,3,184,13,171,92.9,94,-0.78,1.9
755,2022-08-14,85,12,14,4,0,130,7,123,94.6,97.7,0.38,0.72
756,2022-08-14,75,11,20,6,3,133,10,123,92.5,93.2,-0.07,1.13
757,2022-08-14,47,9,10,5,3,135,10,125,92.6,93.3,-0.14,0.78
758,2022-08-14,82,26,16,6,3,141,10,131,92.9,94.3,-0.14,1.32
759,2022-08-14,25,28,24,5,3,154,12,142,92.2,93.5,0.96,2.34
760,2022-08-14,43,8,1,4,7,156,6,150,96.2,93.6,0.1,0.42
761,2022-08-14,23,25,22,8,7,176,10,166,94.3,96,0.6,1.32
762,2022-08-14,73,13,17,4,2,117,8,109,93.2,94,-0.42,0.74
763,2022-08-14,80,4,19,3,0,104,12,92,88.5,93.3,-0.25,1.31
764,2022-08-13,53,15,2,2,5,139,8,131,94.2,94.2,1.17,1.69
765,2022-08-13,68,15,2,2,6,159,11,148,93.1,95,0.86,1.38
766,2022-08-13,46,29,7,2,1,133,10,123,92.5,93.2,0.56,1.18
767,2022-08-13,8,27,3,8,2,155,9,146,94.2,94.8,0.27,1.07
768,2022-08-13,3,6,5,2,7,154,14,140,90.9,92.9,-1.2,2.28
769,2022-08-13,72,30,23,4,3,177,16,161,91,93.2,-0.26,1.66
770,2022-08-13,17,12,14,3,13,164,12,152,92.7,92.7,-0.9,1.86
771,2022-08-13,7,11,20,8,0,147,13,134,91.2,91.2,-0.5,1.68
772,2022-08-13,63,18,21,1,0,109,9,100,91.7,89.9,0.45,0.71
773,2022-08-13,38,9,10,6,4,102,7,95,93.1,94.1,0.18,0.88
774,2022-08-13,40,28,24,7,4,160,5,155,96.9,93.8,-0.45,0.97
775,2022-08-13,51,4,19,2,3,148,7,141,95.3,92.6,-0.14,0.82
776,2022-08-13,14,26,16,2,3,143,11,132,92.3,91.6,-0.14,0.86
777,2022-08-13,55,8,1,0,6,150,18,132,88,92,0.56,1.42
778,2022-08-13,74,25,22,2,0,164,7,157,95.7,97,-0.64,1.86
779,2022-08-13,28,13,17,5,3,170,11,159,93.5,94.7,-0.01,1.53
780,2022-08-12,69,15,2,3,4,157,11,146,93,94.3,-0.08,0.94
781,2022-08-12,35,30,23,5,10,216,11,205,94.9,95.4,-0.2,1.42
782,2022-08-12,21,29,7,0,8,152,12,140,92.1,90.8,0.75,1.41
783,2022-08-12,37,27,3,3,10,141,12,129,91.5,94.3,0.01,0.97
784,2022-08-12,83,18,21,1,2,130,10,120,92.3,93.1,-0.51,1.51
785,2022-08-12,2,9,10,2,0,138,4,134,97.1,94.9,0.36,0.36
786,2022-08-12,60,4,19,3,2,162,12,150,92.6,93.2,-0.48,1.48
787,2022-08-12,45,28,24,2,6,169,12,157,92.9,92.3,-1.44,2.24
788,2022-08-12,65,12,14,3,8,170,5,165,97.1,97.1,-0.03,0.47
789,2022-08-12,13,11,20,7,5,160,11,149,93.1,92.5,-1.52,1.96
790,2022-08-12,33,26,16,3,1,152,10,142,93.4,92.8,0.45,1.25
791,2022-08-12,84,8,1,5,3,132,5,127,96.2,91.7,-0.3,0.74
792,2022-08-12,26,13,17,0,4,152,13,139,91.4,88.8,-0.41,1.35
793,2022-08-12,42,25,22,5,3,176,7,169,96,93.2,0.02,0.82
794,2022-08-11,78,21,15,0,3,163,5,158,96.9,95.1,-0.43,0.49
795,2022-08-11,24,10,7,3,4,152,5,147,96.7,94.7,-0.38,0.86
796,2022-08-11,52,11,28,7,3,150,9,141,94,94,0.85,2.49
797,2022-08-11,91,12,9,5,3,136,8,128,94.1,93.4,-0.39,0.99
798,2022-08-11,30,8,26,8,6,176,11,165,93.8,92,-0.23,0.91
799,2022-08-11,36,1,22,9,3,168,7,161,95.8,95.8,-0.48,0.86
800,2022-08-11,70,4,3,4,3,132,7,125,94.7,92.4,0.29,1.55
801,2022-08-10,16,18,6,10,2,161,9,152,94.4,93.8,1.8,2.16
802,2022-08-10,81,16,27,4,3,147,3,144,98,96.6,-0.19,0.39
803,2022-08-10,66,5,30,4,2,127,4,123,96.9,97.6,-0.43,0.61
804,2022-08-10,88,20,13,4,5,167,6,161,96.4,94,0.19,0.77
805,2022-08-10,32,23,25,13,7,161,7,154,95.7,93.8,0.23,0.65
806,2022-08-10,54,24,19,4,3,147,15,132,89.8,94.6,0.14,1.88
807,2022-08-10,82,21,15,4,3,109,4,105,96.3,96.3,-0.38,1
808,2022-08-10,12,10,7,2,3,141,6,135,95.7,94.3,-0.29,0.49
809,2022-08-10,1,4,2,4,8,146,3,143,97.9,95.2,0.04,0.42
810,2022-08-10,73,11,28,4,8,160,10,150,93.8,92.5,-0.99,1.11
811,2022-08-10,25,12,9,8,3,160,9,151,94.4,95,-0.1,0.92
812,2022-08-10,23,8,26,5,9,151,11,140,92.7,95.4,-0.93,1.21
813,2022-08-10,47,1,22,4,6,159,11,148,93.1,93.7,0.51,1.21
814,2022-08-10,68,14,17,8,5,153,5,148,96.7,94.8,-0.27,0.37
815,2022-08-09,45,12,9,4,2,117,7,110,94,90.6,-0.16,0.6
816,2022-08-09,40,12,9,2,3,134,4,130,97,97.8,-0.46,0.54
817,2022-08-09,80,3,29,6,5,131,14,117,89.3,95.4,0.28,1.8
818,2022-08-09,14,21,15,4,1,130,3,127,97.7,96.9,-0.01,0.59
819,2022-08-09,8,10,7,2,5,124,10,114,91.9,95.2,-1.45,1.77
820,2022-08-09,71,18,6,6,2,128,3,125,97.7,97.7,-0.27,0.43
821,2022-08-09,10,4,2,7,9,185,10,175,94.6,95.7,0.53,1.31
822,2022-08-09,49,5,30,5,6,175,8,167,95.4,91.4,-0.18,0.96
823,2022-08-09,28,11,28,7,5,130,4,126,96.9,96.2,0.03,0.27
824,2022-08-09,64,16,27,5,3,136,9,127,93.4,97.1,-0.13,1.33
825,2022-08-09,4,8,26,16,5,164,13,151,92.1,90.2,-1.16,1.6